Person,Time Covers
Ronald Reagan,41
Richard Nixon,40
Bill Clinton,33
Barack Obama,32
Jimmy Carter,30
George W. Bush,27
Dwight D. Eisenhower,18
George H.W. Bush,17
Hillary Clinton,17
Lyndon B. Johnson,16
Gerald Ford,14
Mikhail Gorbachev,14
Henry Kissinger,13
John Paul II,13
Franklin D. Roosevelt,12
John F. Kennedy,12
Joseph Stalin,12
Leonid Brezhnev,12
Man of the Year,12
Nikita Khrushchev,12
Charles de Gaulle,11
Donald Trump,11
Al Gore,10
Chiang Kai-shek,10
John McCain,10
Anwar Sadat,9
Fidel Castro,9
Menachem Begin,9
Nelson Rockefeller,9
Saddam Hussein,9
Bill Gates,8
Harry S. Truman,8
Mitt Romney,8
Spiro Agnew,8
Vladimir Putin,8
Winston Churchill,8
Yasser Arafat,8
Benito Mussolini,7
Douglas MacArthur,7
Princess Diana,7
Adolf Hitler,6
Anthony Eden,6
Francisco Franco,6
Jawaharlal Nehru,6
John L. Lewis,6
Muammar Gaddafi,6
Nelson Mandela,6
Newt Gingrich,6
Robert F. Kennedy,6
Steve Jobs,6
Walter Mondale,6
Abraham Lincoln,5
Albert Einstein,5
Barry Goldwater,5
Bob Dole,5
Boris Yeltsin,5
Edward Kennedy,5
Emperor Hirohito,5
Gamal Abdel Nasser,5
Henry A. Wallace,5
Henry Ford,5
Jacqueline Kennedy,5
Khomeini,5
Mao Zedong,5
O.J. Simpson,5
Thomas E. Dewey,5
Time Person of the Year,5
Yitzhak Rabin,5
Adlai Stevenson II,4
Colin Powell,4
Corazon Aquino,4
Dick Cheney,4
Earl Warren,4
Eugene O'Neill,4
Gary Hart,4
George C. Marshall,4
George McGovern,4
Geraldine Ferraro,4
Harold Wilson,4
Ho Chi Minh,4
Howard Hughes,4
Hubert H. Humphrey,4
Jesse Jackson,4
John Glenn,4
John XXIII,4
Josip Broz Tito,4
King George V,4
Lee Iacocca,4
Margaret Thatcher,4
Muhammad Ali,4
Oliver North,4
Omar Bradley,4
Osama bin Laden,4
Pope Francis,4
Prince Charles,4
Robert A. Taft,4
Sarah Palin,4
Stanley Baldwin,4
Steven Spielberg,4
Vietnam,4
Alan Greenspan,3
Alexei Kosygin,3
Alfred E. Smith,3
Angela Merkel,3
Aristide Briand,3
Arturo Toscanini,3
Aung San Suu Kyi,3
Benedict XVI,3
Betty Ford,3
Charles Curtis,3
Clement Attlee,3
Cordell Hull,3
Creighton Abrams,3
Curtis LeMay,3
Cyrus Vance,3
Dag Hammarskjold,3
David Ben-Gurion,3
David Cameron,3
Dean Rusk,3
Deng Xiaoping,3
Edmund Muskie,3
Eleanor Roosevelt,3
Estes Kefauver,3
Everett Dirksen,3
Gaston Doumergue,3
George S. Patton,3
George Shultz,3
George Wallace,3
George Washington,3
Harlow Curtice,3
Harold Macmillan,3
Heinrich Himmler,3
Henry Ford II,3
Herbert Hoover,3
Hugh S. Gibson,3
Indira Gandhi,3
Iran,3
J. Edgar Hoover,3
James F. Byrnes,3
John Connally,3
John Foster Dulles,3
John Kerry,3
John Nance Garner,3
King Alfonso XIII,3
King Leopold III,3
Konrad Adenauer,3
Leon Trotsky,3
Lucius D. Clay,3
Mark W. Clark,3
Mark Zuckerberg,3
Matthew Ridgway,3
Michael Bloomberg,3
Michael Dukakis,3
Monica Lewinsky,3
Nancy Reagan,3
Narendra Modi,3
Neville Chamberlain,3
Pat Nixon,3
Paul VI,3
Philip Murray,3
Pierre Laval,3
Pope Benedict XVI,3
Queen Mary,3
Queen Wilhelmina,3
Ramsay MacDonald,3
Rand Paul,3
Ross Perot,3
Rupert Murdoch,3
Samuel Insull,3
Sargent Shriver,3
Sigmund Freud,3
Teng Hsiao-ping,3
Timothy McVeigh,3
Tom Cruise,3
Uncle Sam,3
Vo Nguyen Giap,3
W. Averell Harriman,3
White House,3
William Green,3
William Westmoreland,3
Willy Brandt,3
Woody Allen,3
Xi Jinping,3
Yuri Andropov,3
[1],3
Aamir Khan,2
Alexander Haig,2
Alexis Carrel,2
Andre Malraux,2
Andre Tardieu,2
Andrei A. Gromyko,2
Andrei Sakharov,2
Andrew Wyeth,2
Ariel Sharon,2
Arnold Schwarzenegger,2
Arthur Burns,2
Arthur H. Vandenberg,2
Arthur Radford,2
Audrey Hepburn,2
Benedict Cumberbatch,2
Benjamin Netanyahu,2
Bernard Baruch,2
Bernie Sanders,2
Bette Midler,2
Bill Bradley,2
Bill Cosby,2
Billy Graham,2
Bo Xilai,2
Bob Hope,2
Bobby Jones,2
Bono,2
Bruce Springsteen,2
Burton K. Wheeler,2
Carl Albert,2
Carl Andrew Spaatz,2
Carl Lewis,2
Carter Glass,2
Charles A. Lindbergh,2
Charles E. Wilson,2
Charles Erwin Wilson,2
Charles Evans Hughes,2
Charles Frederick Hughes,2
Charles G. Dawes,2
Charlie Chaplin,2
Cheryl Tiegs,2
Chinese flag,2
Chou En-lai,2
Chris Christie,2
Christine Lagarde,2
Claude Pepper,2
Dalai Lama,2
Dan Quayle,2
Dan Rather,2
Daniel Day-Lewis,2
Dave Beck,2
David Bowie,2
David Koresh,2
David Lloyd George,2
David Petraeus,2
David Sarnoff,2
Dean Acheson,2
Diane Keaton,2
Dick Morris,2
Donald Rumsfeld,2
Donald W. Douglas,2
Dustin Hoffman,2
Dwight W. Morrow,2
Eamon de Valera,2
Ed White,2
Edouard Daladier,2
Edvard Benes,2
Elizabeth II,2
Elizabeth Warren,2
Ella Grasso,2
Enrique Pena Nieto,2
Ernest Hemingway,2
Errett Lobban Cord,2
Eugene McCarthy,2
Euromaidan,2
Eva Peron,2
Fedor von Bock,2
Ferdinand Marcos,2
Fiorello LaGuardia,2
Francois Hollande,2
Frank Sinatra,2
Fulgencio Batista,2
Fumimaro Konoe,2
George Eastman,2
George Marshall,2
George Meany,2
George V,2
George W. Romney,2
Georgy Malenkov,2
Georgy Zhukov,2
Gerardo Machado,2
Gerd von Rundstedt,2
German flag,2
Giulio Gatti-Casazza,2
Haile Selassie,2
Hamilton Jordan,2
Harold L. Ickes,2
Harry Emerson Fosdick,2
Harry F. Byrd,2
Harry L. Hopkins,2
Hassan Rouhani,2
Helmut Schmidt,2
Henry Cabot Lodge,2
Henry Cabot Lodge Jr.,2
Henry L. Stimson,2
Herbert Brownell,2
Hermann Goring,2
Howard Baker,2
Howard Dean,2
Hoyt Vandenberg,2
Hubert Humphrey,2
Huey P. Long,2
Hugh S. Johnson,2
Hussein bin Talal,2
Ian Smith,2
India,2
"J. P. Morgan, Jr.",2
James B. Conant,2
James Baker,2
James Bryant Conant,2
James Farley,2
James J. Davis,2
James Joyce,2
James Schlesinger,2
James Van Fleet,2
James William Good,2
Jay Leno,2
Jerry Brown,2
Jimmy Walker,2
Joe DiMaggio,2
Joe Martin,2
John Dean,2
"John F. Kennedy, Jr.",2
John J. Pershing,2
John K. Galbraith,2
John Mitchell,2
John Paul I,2
John Roberts,2
John Travolta,2
John Updike,2
John Wayne,2
Joseph McCarthy,2
Joseph P. Kennedy,2
Juan Peron,2
Juan Trippe,2
Kanye West,2
Karl Donitz,2
Karl Rove,2
Katharine Cornell,2
Kenneth Starr,2
King Farouk I,2
King George II,2
King George VI,2
King Haakon VII,2
Lady Diana,2
Lal Bahadur Shastri,2
Lamar Alexander,2
Lavrenty Beria,2
Lazaro Cardenas,2
Lech Walesa,2
Leonardo DiCaprio,2
Leopold Stokowski,2
Lester Colbert,2
Lewis Strauss,2
Li Na,2
Lily Pons,2
Lord Linlithgow,2
Lou Henry Hoover,2
Louis A. Johnson,2
Louis D. Brandeis,2
Ludwig Erhard,2
Luis Munoz Marin,2
Mahatma Gandhi,2
Manuel Avila Camacho,2
Mao Tse-tung,2
Marco Rubio,2
Marilyn Monroe,2
Marlon Brando,2
"Martin Luther King, Jr.",2
Mehmet Oz,2
Melvin A. Traylor,2
Mia Farrow,2
Michael Jackson,2
Michelle Obama,2
Mitsumasa Yonai,2
Mme. Chiang,2
Mohammad Mosaddegh,2
Mohammad Reza Pahlavi,2
Moshe Dayan,2
Mother Teresa,2
Mustafa Kemal Ataturk,2
Nancy Kerrigan,2
Newton D. Baker,2
Ngo Dinh Diem,2
Nguyen van Thieu,2
Nicholas Longworth,2
Nicolae Ceausescu,2
Nikolai Bulganin,2
Norman Schwarzkopf,2
Ogden L. Mills,2
Oveta Culp Hobby,2
Owen D. Young,2
Pablo Picasso,2
Pat Buchanan,2
Pat Harrison,2
Paul Douglas,2
Paul V. McNutt,2
Paul Volcker,2
Paul von Hindenburg,2
Pete Rose,2
Peter Falk,2
Peter Ueberroth,2
Philip,2
Pius XI,2
Pius XII,2
Princess Elizabeth,2
Queen Elizabeth II,2
Ralph Reed,2
Ray Lyman Wilbur,2
Rene Redzepi,2
Reza Shah Pahlavi,2
Richard J. Daley,2
Richard Strauss,2
Robert A. Lovett,2
Robert E. Wood,2
Robert F. Wagner Jr.,2
Robert M. Hutchins,2
"Robert M. La Follette, Jr.",2
Robert McCormick,2
Robert McNamara,2
Robert Redford,2
Robin Williams,2
Roger Staubach,2
Rudolf Bing,2
Rush Limbaugh,2
Salvador Allende,2
Sam Ervin,2
Sam Rayburn,2
Sam Yorty,2
Semyon Timoshenko,2
Seth Meyers,2
Shah of Iran,2
Sherman Adams,2
Shimon Peres,2
Shirley MacLaine,2
Sidney Hillman,2
Sinclair Lewis,2
Sir Samuel Hoare,2
Sir Stafford Cripps,2
South Africa,2
Star Wars,2
Stephen Colbert,2
Stephen King,2
Steve Case,2
Steve Cauthen,2
Sukarno,2
Syngman Rhee,2
Ted Turner,2
Terry Anderson,2
Theodore Roosevelt,2
Thomas Eagleton,2
Thomas Jefferson,2
Tonya Harding,2
U2,2
Viacheslav Molotov,2
Vincent Astor,2
Vladimir Lenin,2
Vyacheslav Molotov,2
Wall Street Bull,2
Walt Disney,2
Walter Cronkite,2
Walter George,2
Walter Lippman,2
Walter P. Chrysler,2
Walter Reuther,2
Walter Ulbricht,2
Walter W. Heller,2
Wilbur Mills,2
William Allen White,2
William Borah,2
William Calley,2
William Faulkner,2
William G. McAdoo,2
"William Halsey, Jr.",2
William Howard Taft,2
William P. Rogers,2
William R. Hearst,2
William Rehnquist,2
William S. Knudsen,2
Zhou Enlai,2
(Jonestown deaths),1
1976 Republican National Convention,1
2010 World Cup,1
2015 Baltimore Riots,1
2016 Orlando nightclub shooting,1
2017 Women March,1
5 euro note,1
A flame moves down a row of matches,1
A. Lawrence Lowell,1
AIG,1
Aaron Swartz,1
Abby Aldrich Rockefeller,1
Abd el-Krim,1
Abdul Karim Kassem,1
Abdulaziz al-Saud,1
Abdullah I,1
Abdullah Ocalan,1
Abe Fortas,1
Abortion Pill,1
Abraham Beame,1
Abu Bakr al-Baghdadi,1
Abu Mousab al-Zarqawi,1
Abubakar Balewa,1
Adam Smith,1
Addie Wyatt,1
Adele,1
Adlai Stevenson III,1
Admiral Richardson,1
Admiral William S. Sims,1
Adnan Khashoggi,1
Adnan Menderes,1
Adolfo Mateos,1
Adolfo Ruiz Cortines,1
Adolfo Suarez,1
Adolph S. Ochs,1
Adolph Zukor,1
Aerospace: Gross,1
Afranio do Amaral,1
Ai Wei Wei,1
Air Force,1
Airlines: Patterson,1
Akio Morita,1
Al Capone,1
Al Capp,1
Alan Jay Lerner,1
Alan Shepard,1
Alanson B. Houghton,1
Alaska,1
Alben Barkley,1
Alben W. Barkley,1
Albert B. Chandler,1
Albert Baird Cummins,1
Albert C. Ritchie,1
Albert Coady Wedemeyer,1
Albert H. Wiggin,1
Albert I,1
Albert Schweitzer,1
"Albert, Duke of York",1
Alcide De Gasperi,1
Alcide de Gasperi,1
Aldrich Ames,1
Alec Cushing,1
Alec Douglas-Home,1
Alec Guinness,1
Aleksandr Solzhenitsyn,1
Aleksandr Vasilevsky,1
Aleksei Kosygin,1
Alex Atala,1
Alex Haley,1
Alex Trotman,1
Alexander Dubcek,1
Alexander Fleming,1
Alexander I of Yugoslavia,1
Alexander Legge,1
Alexander Meiklejohn,1
Alexander Nesmeyanov,1
Alexander Novikov,1
Alexander Papagos,1
Alexander Patch,1
Alexander Shelepin,1
Alexander Solzhenitsyn,1
Alexei Stakhanov,1
Alexey Leonov,1
Alexey Rykov,1
Alexis Smith,1
Alfred Gruenther,1
Alfred Hertz,1
Alfred Jacobsen,1
Alfred Kinsey,1
Alfred Landon,1
Alfred Lunt,1
Alfred M. Pride,1
Alfred P. Sloan,1
"Alfred P. Sloan, Jr.",1
Alfred Stearns,1
Alfred Whitney Griswold,1
Alfred Worden,1
Alfred von Tirpitz,1
Alfried Krupp,1
Ali MacGraw,1
Alice Roosevelt Longworth,1
Alice in Wonderland,1
Alicia Patterson,1
Alison Cheek,1
Allan Shivers,1
Allen Dulles,1
Alois Lang,1
Althea Gibson,1
Alvan Macauley,1
Amadeo Giannini,1
Amadeo Peter Giannini,1
Amadou Diallo,1
American Airlines,1
American Fighting Man,1
American Jews,1
Amos Stagg,1
Amy Carter,1
Amy Lowell,1
Ana Pauker,1
Anastas Mikoyan,1
Anastasio Somoza,1
Anatoli Shcharansky,1
Ancel Keys,1
Andrea Mead Lawrence,1
Andrei Gromyko,1
Andrei Vishinsky,1
Andrei Zhdanov,1
Andrew Cunanan,1
Andrew Cunningham,1
Andrew F. Hawley,1
Andrew Grove,1
Andrew J. Volstead,1
Andrew Lloyd Webber,1
Andrew Mellon,1
Andrew W. Mellon,1
Andrew Weil,1
Andriyan Nikolayev,1
Aneurin Bevan,1
Angelina Jolie,1
Anita Caspary,1
Anita Colby,1
Anita Hill,1
Ann Coulter,1
Ann Dunham,1
Anne Bancroft,1
Anne Hathaway,1
Ansel Adams,1
Anthony Grzebyk,1
Anthony H. G. Fokker,1
Anthony Kennedy,1
Antoine Pinay,1
Anton J. Carlson,1
Anton Lang,1
Antonio Salazar,1
Ara Parseghian,1
Archbishop Damaskinos,1
Archibald Cox,1
"Archibald Wavell, 1st Earl Wavell",1
Aretha Franklin,1
Aristotle Contemplating a Bust of Homer,1
Aristotle Onassis,1
Arleigh Burke,1
Arlenis Sosa,1
Arnold J. Toynbee,1
Arnold Palmer,1
Arsenio Hall,1
Arthur Balfour,1
Arthur Barratt,1
Arthur Brisbane,1
Arthur Capper,1
Arthur Carlsberg,1
Arthur Coningham,1
Arthur Decio,1
Arthur Godfrey,1
Arthur H. Compton,1
Arthur Hays Sulzberger,1
Arthur J. Goldberg,1
Arthur Langlie,1
Arthur M. Hyde,1
"Arthur M. Schlesinger, Jr.",1
Arthur Ochs Sulzberger,1
Arthur Rock,1
Arthur Vandenberg,1
Arthur W. Cutten,1
Arthur Watkins,1
Artur Rodzinski,1
Artur Rubinstein,1
Arturo Frondizi,1
Attica Prison Riots,1
Augusto B. Leguia,1
Augustus E. John,1
Augustus John,1
Austen Chamberlain,1
Ava Gardner,1
Ayatullah Khomeini,1
Ayub Khan,1
B. F. Skinner,1
BB-8,1
Baggio,1
Bakkers,1
Bao ai,1
Barbara Ann Scott,1
Barbara Bel Geddes,1
Barbara Bush,1
Barbara Jordan,1
Barbie,1
Barbra Streisand,1
Baron Beaverbrook,1
Baron Kijuro Shidehara,1
Baron Mannerheim,1
Barry Commoner,1
Barry Wood,1
Bart Simpson,1
Basset Hound,1
Battle for the Senate,1
Bea Arthur,1
Bear Bryant,1
Ben A. Jones,1
Ben Bernanke,1
Ben Colli,1
Ben Eastman,1
Ben Hogan,1
Benazir Bhutto,1
Benigno Aquino III,1
Benjamin Britten,1
Benjamin F. Fairless,1
Benjamin Franklin,1
Benjamin N. Cardozo,1
Benjamin V. Cohen,1
Benjamin W. Chidlaw,1
Bennett Cerf,1
Benson,1
Benyoucef Benkhedda,1
"Bernard Law Montgomery, 1st Viscount Montgomery of Alamein",1
Bernard M. Baruch,1
Bernard Schriever,1
Bernhard Goetz,1
Bernie Parent,1
Bert Lahr,1
Bert Lance,1
Bertoli,1
Bertram A. Powers,1
Beth Heiden,1
Bette Davis,1
Betty Grable,1
Betty Hutton,1
Betty Nuthall,1
Beverly Sills,1
Beyonce,1
Bhumibol Adulyadej,1
Biafra,1
Bibi Aisha,1
Biblical Magi,1
Big Bird,1
Bill Bridgeman,1
Bill Brock,1
Bill D. Moyers,1
Bill Ford,1
Bill Hartack,1
Bill Maudin,1
Bill Mauldin,1
Bill T. Jones,1
Billie Jean King,1
Billie Sol Estes,1
Billy,1
Billy Barton,1
Billy Carter,1
Billy Martin,1
Billy Rose,1
Billy and Bobby Mauch,1
Bing Crosby,1
Birdie Tebbetts,1
Bishop William Lawrence,1
Bjork,1
Bjorn Borg,1
Blas Roca,1
Bloomingdale,1
Bob Eaton,1
Bob Feller,1
Bob Griese,1
Bob Kerrey,1
Bob Mathias,1
Bobbi McCaughey,1
Bobby Baker,1
Bobby Fischer,1
Bobby Hull,1
Bobby Layne,1
Bobby Riggs,1
Bode Miller,1
Booth Tarkington,1
Boris Pasternak,1
Boris Shaposhnikov,1
Boris Spassky,1
Bowe Bergdahl,1
Bowman Gray,1
Brad Pitt,1
Bradley Cooper,1
Bradley Manning,1
Brehon B. Somervell,1
Brenda Fassie,1
Brian Mulroney,1
Briggs Cunningham,1
Brooke Shields,1
Bruce Olmstead,1
Bruno Mussolini,1
Buckminster Fuller,1
Bull market,1
Burt Reynolds,1
Bus Mosbacher,1
Buzz Aldrin,1
C. D. Howe,1
C. Douglas Dillon,1
C. Odumegwu Ojukwu,1
C. R. Smith,1
C.S. Lewis,1
Cafe Filho,1
Cairo,1
California,1
California Earthquake,1
Calvin Coolidge,1
Calvin E. Gross,1
Cambodia,1
Cambodian Invasion,1
Camillien Houde,1
Camping,1
Candice Bergen,1
Captain Illingworth,1
Cardinal Dougherty,1
Cardinal Hayes,1
Cardinal Mundelein,1
Cardinal Spellman,1
Carl Hubbell,1
Carl Icahn,1
Carl Jung,1
Carl Sagan,1
Carl Sandburg,1
Carl Stokes,1
Carl-Gustaf Rossby,1
Carla Hills,1
Carlos Castaneda,1
Carlos Davila,1
Carmine De Sapio,1
Carol Channing,1
Carol Sutton,1
Carole King,1
Caroline Kennedy,1
Carrie Chapman Catt,1
Carrol M. Shanks,1
Carroll O'Connor,1
Carroll Righter,1
Caryl Chessman,1
Casey Stengel,1
Caspar Weinberger,1
"Catherine, Duchess of Cambridge",1
Cats,1
Cavalcade,1
Cecil B. DeMille,1
Cesar Chavez,1
Chad Stover,1
Charging Bull,1
Charles A. Lindbergh Jr.,1
Charles B. Schuman,1
Charles B. Warren,1
Charles Bailey,1
Charles Bludhorn,1
Charles Bluhdorn,1
Charles Copeland,1
Charles Coughlin,1
Charles Dana Gibson,1
Charles E. Chamberlain,1
Charles E. Hughes,1
Charles Edison,1
Charles Edward Wilson,1
Charles F. Brannan,1
Charles F. Kettering,1
Charles Francis Adams III,1
Charles Goren,1
Charles H. Percy,1
Charles Halleck,1
Charles Henry Brent,1
Charles Horace Mayo,1
Charles Kuralt,1
Charles Laughton,1
Charles Lindbergh,1
Charles Luckman,1
Charles M. Schwab,1
Charles Mortimer,1
Charles Munch,1
Charles O. Finley,1
Charles P. Taft,1
Charles R. Crane,1
Charles Rhyne,1
Charles Tillinghast Jr.,1
Charles Van Doren,1
Charles W. Sawyer,1
Charles Whitman,1
"Charles, Prince of Wales",1
Charlie Angels,1
Chauncey M. Depew,1
Che Guevara,1
Chemicals: Copeland,1
Chen Chang,1
Chen Li-Fu,1
Chen Yi,1
Cher,1
Chester Bliss Bowles,1
Chester Nimitz,1
Chester W. Nimitz,1
Chet Huntley,1
Chiang Ching,1
China,1
China and Vietnam War,1
Chinese Demonstrator,1
Chinese paper cutting,1
Chou En-Lai,1
Chris Kraft,1
Christ the Redeemer of the Andes,1
Christiaan Barnard,1
Christian A. Herter,1
Christian Dior,1
Christian Herter,1
Christian K. Cagle,1
Christina Hendricks,1
Christine O'Donnell,1
Christmas,1
Christmas Eve,1
Christopher Fry,1
Christopher Nolan,1
Christopher Reeve,1
Chuck Schumer,1
Chuck Yeager,1
Chun Doo Hwan,1
Claire Bloom,1
Claire L. Chennault,1
Claire McCardell,1
Clarence C. Little,1
Clarence Cannon,1
Clarence Little,1
Clarence Streit,1
Clarence Thomas,1
Clarence Young,1
Clark Clifford,1
Clark Gable,1
Clark Kerr,1
Claude Wickard,1
Claudia Schiffer,1
Clifford Case,1
Clifford Irving,1
Clifford Odets,1
Clint,1
Clint Eastwood,1
Clinton Murchison,1
Clyde Beatty,1
Clyde L. Herring,1
Coca-Cola,1
Cocaine,1
Colby M. Chester,1
Cole Porter,1
Colin Kaepernick,1
Colleen McCullough,1
Columbine Murders,1
Columbus Iselin II,1
Congressional,1
Conrad Emil Lambert Helfrich,1
Conrad Hilton,1
Conrad N. Hilton,1
Constantine II of Greece,1
Cornelius McGillicuddy,1
Cornelius P. Rhoads,1
Cornelius Shields,1
Cosmo Gordon Lang,1
Costa e Silva,1
Couple of the Year,1
Courtlandt S. Gross,1
Courtney Hodges,1
Craig Rice,1
Crawford Greenewalt,1
Creche,1
Crime,1
Crown Prince Olaf,1
Cult of Death,1
Curiosity rover,1
Curtis Bok,1
Cyril Alington,1
Cyril Garbett,1
"Cyril Newall, 1st Baron Newall",1
Cyrus S. Eaton,1
D. Brainerd Holmes,1
D. F. Malan,1
Dalai Lama VII,1
Dale Bumpers,1
Dale Earnhardt,1
Dan Rowan,1
Daniel Berrigan,1
Daniel Ellsberg,1
Daniel J. Evans,1
Daniel Ortega,1
Daniel Patrick Moynihan,1
Daniel W. Hoan,1
Daniel Willard,1
Danny Escobedo,1
Danny Kaye,1
Daret Ezza,1
Darryl F. Zanuck,1
Darth Vader,1
Dave Brubeck,1
Dave Kerr,1
David A. Reed,1
David Brinkley,1
David Byrne,1
David C. Jones,1
David Chang,1
David Dubinsky,1
David Frost,1
David Geffen,1
David Hartman,1
David Ho,1
David J. McDonald,1
David L. Boren,1
David L. McDonald,1
David Lean,1
David Letterman,1
David Lilienthal,1
David Lynch,1
David Merrick,1
David Pelletier,1
David Riesman,1
David Rockefeller,1
David S. Ingalls,1
David Scott,1
David Souter,1
David Starr Jordan,1
Days of Our Lives,1
DeWitt Wallace,1
Dead Sea Scrolls,1
Dean Burch,1
Dean Wooldridge,1
Debi Thomas,1
Deborah Kerr,1
Deems Taylor,1
Del Webb,1
Dennis Conner,1
Denny McLain,1
Derek Bok,1
Devereux Milburn,1
Diane Lane,1
Diane Sawyer,1
Dianne Feinstein,1
Dick Carver,1
Dick Cavett,1
Dick Kazmaier,1
Dick Martin,1
Dick Savitt,1
Didier Drogba,1
Diego Rivera,1
Dino Grandi,1
Dionne Quintuplets,1
Dixy Lee Ray,1
Dizzy Dean,1
Dmitri Shostakovich,1
Dmitry Polyansky,1
Do-It-Yourself,1
Doc Blanchard,1
Dolly,1
Domingo Ugalde,1
Don Imus,1
Don Johnson,1
Don Juan,1
Don Shula,1
Donald Budge,1
Donald Burr,1
Donald J.M. Russell,1
Donald M. Nelson,1
Donald Regan,1
Donald Richberg,1
Donna Rice,1
Doonesbury,1
Dorothy Buffum Chandler,1
Dorothy Hamill,1
Dorothy Thompson,1
Douglas Freeman,1
Douglas MacArthur II,1
Douglas McKay,1
Doutzen Kroes,1
Dr. John Laragh,1
Draja Mihailovich,1
Dresden,1
Drew Pearson,1
Duchess of York,1
Dudley Pound,1
Duffy Daugherty,1
Duke Ellington,1
Duong Van Minh,1
Dusan Simovic,1
Dwight F. Davis,1
Dwight Gooden,1
Dwight Robinson,1
Dwight White,1
E. Phillips Oppenheim,1
Earl Browder,1
Earl Long,1
Earl of Athlone,1
Earl of Bessborough,1
Earle Wheeler,1
Earth,1
Earthquakes,1
Ed Koch,1
Ed Sullivan,1
Edda Ciano,1
Eddie Arcaro,1
Eddie Cox,1
Eddie Rickenbacker,1
Eddie Stanky,1
Eddie Vedder,1
Edgar Bergen,1
Edgar Faure,1
Edgar Wallace,1
Edith Cummings,1
"Edmund Brown, Sr.",1
Edmund N. Bacon,1
Edouard Herriot,1
Eduard Benes,1
Eduard Shevardnadze,1
Edward A. Craig,1
Edward Almond,1
Edward Brooke,1
Edward D. Duffield,1
Edward Dean Adams,1
Edward Durrell Stone,1
Edward Eberle,1
Edward F. McGrady,1
Edward G.V. Stanley,1
Edward H. Crump,1
Edward Heath,1
Edward Hopper,1
Edward J. Flynn,1
Edward J. Kelly,1
Edward James Olmos,1
Edward Johnson,1
Edward M. House,1
Edward Martin,1
Edward N. Cole,1
Edward R. Bradley,1
Edward R. Heath,1
Edward R. Murrow,1
"Edward R. Stettinius, Jr.",1
Edward Rydz-Smigy,1
Edward Snowden,1
Edward Teller,1
Edward of Wales,1
Edwin C. Musick,1
Edwin G. Conklin,1
Edwin Land,1
Edwin O. Reischauer,1
Edwin P. Hubble,1
Eero Saarinen,1
Egyptian Revolutionaries,1
Eisaku Sato,1
Eivind Berggrav,1
Elbert Henry Gary,1
Eleanor Holm,1
Eleanor McGovern,1
Eleanora Duse,1
"Election, U.S.A",1
Elections '78,1
Eleutherios Venizelos,1
Elias Wessin y Wessin,1
Elihu Root,1
Elisa Izquierdo,1
Elizabeth Arden,1
Elizabeth Dole,1
Elizabeth Taylor,1
Ellen Browning Scripps,1
Ellen DeGeneres,1
Elliott Gould,1
Ellsworth Vines,1
Elmer Davis,1
Elmer F. Andrews,1
Elmer Thomas,1
Elmo Zumwalt,1
Elon Musk,1
Elsa Einstein,1
Elsa Schiaparelli,1
Elton John,1
Emanuel African Methodist Episcopal Church,1
Emanuel Libman,1
Emil Hurja,1
Emilio Mola,1
Emory Scott Land,1
Enda Kenny,1
Engelbert Dollfuss,1
England,1
Enrico Berlinguer,1
Enrique Camarena,1
Erhard Milch,1
Eric,1
Eric Schmidt,1
Erich Ludendorff,1
Erich Raeder,1
Erich von Manstein,1
Erik Weihenmayer,1
Erma Bombeck,1
Ernest Bevin,1
Ernest Gruening,1
Ernest I. Pugmire,1
Ernest J. King,1
Ernest O. Lawrence,1
Ernest and Julio Gallo,1
Ernie Holmes,1
Ernie Pyle,1
Ernst Reuter,1
Erwin Rommel,1
Ethel Barrymore,1
Ethel Kennedy,1
Ethel Merman,1
Ethel du Pont,1
Eugene Carson Blake,1
Eugene Dennis,1
Eugene Ferkauf,1
Eugene Holman,1
Eugene Luther Vidal,1
Eugene Meyer,1
"Eugene R. Black, Sr.",1
Eugene Talmadge,1
Eugenio Pacelli,1
Europe,1
Eva Le Gallienne,1
Evan Spiegel,1
Eve Curie,1
Evsei Liberman,1
Exodus Intelligence,1
Expo '70,1
Exxon,1
Eye of Horus,1
Ezequiel Padilla,1
Ezra Benson,1
Ezra Taft Benson,1
"F. E. Smith, 1st Earl of Birkenhead",1
F. K. Otto Dibelius,1
F. Lee Bailey,1
F. Trubee Davison,1
F.W. De Klerk,1
Faisal of Saudi Arabia,1
Fall of Japan,1
February 13 East Coast blizzard,1
Feng Yuxiang,1
Ferdinand Pecora,1
Ferhat Abbas,1
Fernando Belaunde Terry,1
Fiat 500,1
Filipp Golikov,1
Flag of the United States,1
Fletcher Bowron,1
Flip Wilson,1
Florenz Ziegfeld,1
Football,1
Ford family,1
Forrest Sherman,1
Frances Perkins,1
Francis Daniels Moore,1
Francis Gary Powers,1
Francis Henry Taylor,1
Francis Keppel,1
Francis Scott McBride,1
Francisco da Costa Gomes,1
Francois Darlan,1
Francois Mitterrand,1
Frank Aydelotte,1
Frank B. Kellogg,1
Frank Borman,1
Frank Capra,1
Frank Carlucci,1
Frank Costello,1
Frank J. Hogan,1
Frank Knox,1
Frank Lausche,1
Frank Leahy,1
Frank Lloyd Wright,1
Frank Maxwell Andrews,1
Frank Minis Johnson,1
Frank Murphy,1
Frank N.D. Buchman,1
Frank O. Lowden,1
Frank Orren Lowden,1
Frank Pace,1
Frank R. Kent,1
Frank R. McNinch,1
Frank Stanton,1
Franklin C. Spinney,1
Franklin Clark Fry,1
"Franklin D. Roosevelt, Jr.",1
Franklin Graham,1
Franz Boas,1
Franz Halder,1
Franz Josef Strauss,1
Franz von Papen,1
Fred Allen,1
Fred M. Vinson,1
Fred Meyer,1
Fred Perry,1
Fred Silverman,1
Frederic G. Donner,1
Frederica,1
Frederick Bowhill,1
Frederick G. Banting,1
Frederick Huntington Gillett,1
Frederick Kappel,1
Frederick L. Redefer,1
Frederick Loewe,1
Frederick Rentschler,1
Fritz Kreisler,1
Frol Kozlov,1
Fuad I of Egypt,1
Fulton J. Sheen,1
G. David Schine,1
G. Mennen Williams,1
G. William Miller,1
Gabby Street,1
Gabrielle Giffords,1
Gamal Nasser,1
Garfield Bromley Oxnam,1
Garrison Keillor,1
Garth Brooks,1
Gary Cooper,1
Gaston Henry-Haye,1
Geena Davis,1
Gelasio Caetani,1
Gelsey Kirkland,1
Gene Hackman,1
Gene Shalit,1
Gene Tunney,1
General Douglas MacArthur,1
General Ira Eaker,1
General McNaughton,1
General Montgomery,1
General Vandegrift,1
General de Tassigny,1
Generation Gap,1
Geoffrey Fisher,1
Georg Solti,1
George,1
George Albert Smith,1
George Arliss,1
George B. Harvey,1
George Balanchine,1
George Beadle,1
George Bernard Shaw,1
George C. Scott,1
George Clooney,1
George E. Allen,1
George E. Brennan,1
George Earle III,1
George F. Kennan,1
George F. Warren,1
George F. Zook,1
George Fisher Baker,1
George Galatis,1
George Gallup,1
George Gershwin,1
George H. W. Bush,1
George Harold Sisler,1
George Harrison,1
George Kenney,1
George Lucas,1
George M. Cohan,1
George M. Humphrey,1
George M. Leader,1
George Messersmith,1
George N. Craig,1
George Norris,1
George Orwell,1
George Peek,1
George S. Kaufman,1
George Santayana,1
George Soros,1
George Stephanopoulos,1
George Szell,1
George W. Anderson Jr.,1
George W. Merck,1
George W. Walker,1
George Wickersham,1
George William Miller,1
Georges Clemenceau,1
Georges Pompidou,1
Georgi Malenkov,1
Gerald,1
Gerald Kennedy,1
Gerald Templer,1
Geraldine Farrar,1
Germany,1
Gerry Cooney,1
Gertrude Lawrence,1
Gertrude Stein,1
Getulio Vargas,1
Gian-Carlo Menotti,1
Gianni Versace,1
Gifford Pinchot,1
Gina Lollobrigida,1
Ginger Rogers,1
Giorgio Armani,1
Giovanni Agnelli,1
Giuseppe Mario Bellanca,1
Glenn Beck,1
Glenn Close,1
Glenn Davis,1
Glenn H. Curtiss,1
Glenn L. Martin,1
Glenn McCarthy,1
Glenn T. Seaborg,1
Glide Brown Jr.,1
Gloria Steinem,1
Golda Meir,1
Goldie Hawn,1
Goodwin Knight,1
Google logo,1
Gordon Cooper,1
Gordon Dean,1
Gore Vidal,1
Gottfried von Cramm,1
Grace Coolidge,1
Grace Hammond Conners,1
Grace Kelly,1
Graham Bethune Grosvenor,1
Graham Greene,1
Graham McNamee,1
Grandma Moses,1
Greer Garson,1
Gregory Peck,1
Gretchen Carlson,1
Groucho Marx,1
"Groucho, Harpo, Chico & Zeppo Marx",1
Grover A. Whalen,1
Guglielmo Marconi,1
Gunter Grass,1
Gus Grissom,1
Gussie Busch,1
Gustaf VI,1
Gustav T. Kuester,1
Guy de Rothschild,1
Gwen Verdon,1
Gwilym A. Price,1
H-bomb,1
H. Edward Gilbert,1
H. G. Wells,1
H. H. Asquith,1
H. R. Haldeman,1
H. T. Webster,1
Hafez Assad,1
Haiphong Harbor,1
Haise,1
Haji Bashar Noorzai,1
Hamid Karzai,1
Hank Bauer,1
Hanns Martin Schleyer,1
Harlan F. Stone,1
Harlow Shapley,1
Harold Alexander,1
Harold Brown,1
Harold D. Smith,1
Harold K. Johnson,1
Harold Keith Johnson,1
Harold Lee George,1
Harold Lloyd,1
Harold Medina,1
Harold Prince,1
Harold S. Geneen,1
Harold S. Vanderbilt,1
Harold Sines Vance,1
Harold Stassen,1
Harold Willis Dodds,1
Harrison E. Spangler,1
Harry B. Housser,1
Harry Belafonte,1
Harry Bridges,1
Harry Crerar,1
Harry Dexter White,1
Harry F. Byrd Jr.,1
Harry F. Sinclair,1
Harry Felt,1
Harry Guggenheim,1
Harry Hopkins,1
Harry J. Grant,1
Harry Manning,1
Harry Nilsson,1
Harry Potter,1
Harry S. New,1
Harry W. Morrison,1
Harsen Smith,1
Heber Jedediah Grant,1
Hedda Hopper,1
Heihachiro Togo,1
Hein ter Poorten,1
Heinrich Bruning,1
Heinrich Nordhoff,1
Heinz Guderian,1
Helen Hayes,1
Helen Hull Jacobs,1
Helen Rogers Reid,1
Helen Traubel,1
Helen Wills,1
Helen Wills Moody,1
Helmut Kohl,1
Hendrik Verwoerd,1
Henri Giraud,1
Henri Matisse,1
Henri Navarre,1
Henry,1
Henry 'Hap' Arnold,1
Henry Alexander,1
Henry Berenger,1
"Henry Cabot Lodge, Jr.",1
Henry E. Sigerist,1
Henry Fairfield Osborn,1
Henry Fonda,1
Henry Grady Weaver,1
Henry H. Fowler,1
Henry Heald,1
Henry Knox Sherrill,1
Henry L. Stevens Jr.,1
Henry M. Jackson,1
Henry MacCracken,1
"Henry Maitland Wilson, 1st Baron Wilson",1
Henry Moore,1
Henry Morgenthau,1
"Henry Morgenthau, Jr.",1
Henry P. Fletcher,1
Henry P. Van Dusen,1
Henry R. Luce,1
Henry Royds Pownall,1
Henry Seidel Canby,1
Henry Sloane Coffin,1
Henry T. Rainey,1
Herbert B. Swope,1
Herbert Boyer,1
Herbert C. Hoover,1
Herbert H. Lehman,1
Herbert Hoover Jr.,1
Herbert L. Pratt,1
Herbert Morrison,1
Herman Cain,1
Herman Talmadge,1
Herman Wouk,1
Heroin,1
Hideki Tojo,1
Hilary Rhoda,1
Hillary Rodham,1
Hiram Johnson,1
Hiram W. Evans,1
Hirohito,1
Hirosi Saito,1
Hispanic Americans,1
Holger Cahill,1
Holland Smith,1
Homer Saint-Gaudens,1
Homo Habilis,1
Homosexuality in America,1
Hong Kong,1
Hopalong Cassidy,1
Hosni Mubarak,1
Howard Jarvis,1
Howard Jones,1
Howard Schultz,1
Howard Stein,1
Howard Stern,1
Howard W. Smith,1
Hua Kuo-feng,1
Hubert Lyautey,1
Hubertus J. van Mook,1
Hugh Carey,1
Hugh Hefner,1
Hugo Black,1
Hugo Chavez,1
Hugo Eckener,1
Hugo L. Black,1
Hugo Stinnes,1
Humphrey Bogart,1
Hungarian Patriot,1
Husband E. Kimmel,1
Hyman Rickover,1
IRA,1
Ian Anderson,1
Ichiro Hatoyama,1
Idi Amin,1
Ignace J. Paderewski,1
Ignacy Jan Paderewski,1
Igor Sikorsky,1
Igor Stravinsky,1
Imran Khan,1
Ina Claire,1
Independence Square,1
"Indian general election, 2014",1
Indochina,1
Inflation,1
Ingmar Bergman,1
Ingrid Bergman,1
Insurance: Fitzhugh,1
Interferon,1
Ion I. C. Bratianu,1
Iraq,1
Irvine H. Page,1
Irving Berlin,1
Irving Langmuir,1
Isaiah Bowman,1
Islam,1
Ismet Inonu,1
Isoroku Yamamoto,1
Israel,1
Israel Zangwill,1
Italo Balbo,1
Ivan Boesky,1
Ivar Kreuger,1
J. Arthur Rank,1
J. Lindsay Almond Jr.,1
J. P. Morgan,1
J. Paul Getty,1
J. Robert Oppenheimer,1
J. Sargeant Reynolds,1
J. Strom Thurmond,1
J. William Fulbright,1
J.D. Salinger,1
J.R.,1
Jack Abramoff,1
Jack Anderson,1
Jack Crawford,1
Jack Dempsey,1
Jack I. Strauss,1
Jack Kemp,1
Jack Kevorkian,1
Jack Nicholson,1
Jack Nicklaus,1
Jack Paar,1
Jack Towers,1
Jack Webb,1
Jackie Gleason,1
Jackie Joyner-Kersee,1
Jackie Robinson,1
Jaclyn Smith,1
Jacob Javits,1
Jacob Ruppert,1
Jacobo Arbenz,1
Jacques Barzun,1
Jacques Cousteau,1
Jacques Soustelle,1
Jake Kramer,1
James A. Farrell,1
James A. Macauley,1
James A. Reed,1
James Allred,1
James B. Hertzog,1
James Baldwin,1
James Caesar Petrillo,1
James Couzens,1
James Cozzens,1
James D. St. Clair,1
James E. Thomson,1
James E. West,1
James Earl Ray,1
James Eastland,1
James Edward Freeman,1
James Ewing,1
James H. Breasted,1
James H. Doolittle,1
James H. Duff,1
James H. Kindelberger,1
James Hagerty,1
James Hoffa,1
James Irwin,1
James L. Buckley,1
"James L. Holloway, Jr.",1
James Levine,1
James Ling,1
James M. Beck,1
James M. Moran,1
James M. Roche,1
James McDivitt,1
James Monroe,1
James Pike,1
James R. Angell,1
James Reston,1
James Robinson Risner,1
James Roosevelt,1
James Rouse,1
James S. McDonnell,1
James Shannon,1
James Simpson,1
James Stillman Rockefeller,1
James Taylor,1
James Thomson,1
James Thurber,1
James V. Forrestal,1
James Van Allen,1
"James Wadsworth, Jr.",1
James Watt,1
Jamie Sale,1
Jan C. Smuts,1
Jan Masaryk,1
Jane,1
Jane Pauley,1
Janet Reno,1
Janet Yellen,1
Janio Quadros,1
Jared Lee Loughner,1
Jaws,1
Jay-Z,1
Jean Harlow,1
Jean Kerr,1
Jean Monnet,1
Jean Philippe Worth,1
Jean Sibelius,1
Jean Simmons,1
Jean Thorn,1
Jean de Lattre de Tassigny,1
Jeanne Moreau,1
Jeb Bush,1
Jed Harris,1
Jeff Bezos,1
Jeffrey Katzenberg,1
Jennifer Lawrence,1
Jeremy Lin,1
Jerome Frank,1
Jerry Falwell,1
Jerry Levin,1
Jerry Seinfeld,1
Jerry Vernon Wilson,1
Jerusalem,1
Jesse H. Jones,1
Jesse Helms,1
Jesse Jones,1
Jessica Chastain,1
Jessica Dubroff,1
Jessica Lynch,1
Jesus,1
Jesus Christ Superstar,1
Jill Ker Conway,1
Jim Brown,1
Jim Carrey,1
Jim Clark,1
Jim Lovell,1
Jim Seymour,1
Jimmie Foxx,1
Jimmy Connors,1
Jimmy Durante,1
Jimmy Hoffa,1
Jimmy Kimmel,1
Jimmy Swaggart,1
Jo Davidson,1
Joan Baez,1
Joan Kennedy,1
Joan Lunden,1
Jodie Foster,1
Jody Powell,1
Joe Biden,1
Joe Colombo,1
Joe Foss,1
Joe Frazier,1
Joe Greene,1
Joe Lieberman,1
Joe Louis,1
Joe Montana,1
Joe Moore,1
Joe Namath,1
Joffrey Ballet 'Astarte',1
Johann Sebastian Bach,1
John A. Simon,1
John Ashcroft,1
John Barrymore,1
John Barton Payne,1
John Boehner,1
"John Buchan, 1st Baron Tweedsmuir",1
John C. H. Lee,1
John Cheever,1
John Courtney Murray,1
John Cowles,1
John Curtin,1
John D. M. Hamilton,1
John D. Rockefeller,1
John D. Rockefeller Jr.,1
"John D. Rockefeller, Jr.",1
John De Lorean,1
John Dewey,1
John Diebold,1
John Diefenbaker,1
John Dos Passos,1
John Edwards,1
John Ehrlichman,1
John F. Collins,1
John F. Curry,1
John F. Enders,1
John Fairchild,1
John Francis Neylan,1
John G. Bates,1
John Gotti,1
John Gunther,1
John H. Levi,1
John H. Loudon,1
John Hartford,1
John Hay Whitney,1
John Hays Hammond,1
John Hessin Clarke,1
John Humber,1
John Irving,1
John J. Pelley,1
John Jay McCloy,1
John Lennon,1
John Lindsay,1
John M. Kemper,1
John Maynard Keynes,1
John McCarthy,1
John McClellan,1
John McGraw,1
John McKone,1
John Murchison,1
John N. Mitchell,1
John Oliver,1
John P. Marquand,1
John P. McConnell,1
John P. O'Brien,1
John Patterson,1
John R. Heller Jr.,1
John Ringling,1
John S. Fine,1
John Sasso,1
John Sherman Cooper,1
John Sirica,1
John Sparkman,1
John Stapp,1
John Sununu,1
John Thach,1
John Thomas Taylor,1
John Tower,1
John V. Lindsay,1
John V. Tunney,1
John Vorster,1
John W. Bricker,1
John W. Gardner,1
John W. McCormack,1
John W. Weeks,1
John William McCormack,1
John Williams,1
John le Carre,1
Johnnie Cochran,1
Johnny Bench,1
Johnny Carson,1
Johnny Cash,1
Johnny Goodman,1
Johnny Lattner,1
Johnny Manziel,1
Joint Chiefs,1
Joko Widodo,1
Jon Hamm,1
"Jon Huntsman, Jr.",1
Jonas Salk,1
Jonathan Franzen,1
Jonathan Mayhew Wainwright IV,1
Joni Mitchell,1
Jorge Ramos,1
Jose Lopez Portillo,1
Jose Miro Cardona,1
Jose R. Capablanca,1
Josef Beck,1
Joseph B. Poindexter,1
Joseph Bernardin,1
Joseph C. Grew,1
Joseph Caillaux,1
Joseph Califano,1
Joseph Cicippio,1
Joseph Conrad,1
Joseph Curran,1
Joseph DeLee,1
Joseph Deems Taylor,1
Joseph Dodge,1
Joseph E. Davies,1
Joseph Farrington,1
Joseph G. Cannon,1
Joseph Goebbels,1
Joseph H. Ball,1
Joseph Hazelwood,1
Joseph Kony,1
Joseph Lyons,1
Joseph M. Patterson,1
Joseph M. Reeves,1
Joseph Medill Patterson,1
"Joseph N. Pew, Jr.",1
"Joseph P. Kennedy, Sr.",1
Joseph Stilwell,1
Joseph T. Robinson,1
Joseph Taylor Robinson,1
Joseph V. McKee,1
Joseph W. Byrns,1
Joseph William Martin Jr.,1
"Joseph William Martin, Jr.",1
Joshua Wong,1
Jouett Shouse,1
Joyce Cary,1
Jozef Pisudski,1
Jozsef Mindszenty,1
Juan Belmonte,1
Juan Carlos,1
Juan Manuel Santos,1
Juan Marichal,1
Judith Anderson,1
Julia Child,1
Julia Roberts,1
Julian Assange,1
Julian Byng,1
Juliana,1
Julie Andrews,1
Julie Harris,1
Julio Prestes,1
Julius H. Barnes,1
Julius Klein,1
Julius Nyerere,1
Julius P. Heil,1
Jurgen Schumann,1
Juscelino Kubitschek,1
K. C. Wu,1
Karl Barth,1
Karl Marx,1
Kate Millett,1
Kate Winslet,1
Katharine Hepburn,1
Kathleen Byerly,1
Kathleen Norris,1
Kathryn Bigelow,1
Katie Couric,1
Katie Koestner,1
Kaufman T. Keller,1
Kei Nishikori,1
Keith Funston,1
Kelly Finn,1
Kemmons Wilson,1
"Ken Griffey, Jr.",1
Kenkichi Kagami,1
Kennedy Inauguration,1
Kenneth A. N. Anderson,1
Kenneth Elstein,1
Kenneth Keating,1
Kenneth Oberholtzer,1
Kenneth Roberts,1
Kenny,1
Kevin Costner,1
Key & Peele,1
Ki Inukai,1
Kichisaburo Nomura,1
Kiev,1
Kim II Sung,1
Kim Jong-il,1
Kim Jong-un,1
Kim Novak,1
Kim Zmeskal,1
King Baudouin I,1
King Bhumibol,1
King Boris III,1
King Carol II,1
King Christian X,1
King Fahd,1
King Faisal of Saudi Arabia,1
King Gustaf V,1
King Gustav V,1
King Hussein,1
King Kong,1
King Prajadhipok,1
King Wilhelm,1
Kingman Brewster Jr.,1
Kirill Mazurov,1
Kirsten Flagstad,1
Klimentiy Voroshilov,1
Knute Rockne,1
Kofi Annan,1
Koji Haga Japan earthquake,1
Koki Hirota,1
Kong Le,1
Konosuke Matsushita,1
Konstantin Chernenko,1
Konstantin Katushev,1
Konstantin Rokossovsky,1
Kremlin Courier,1
Kurdish soldier looking out over Mosul,1
Kurt Georg Kiesinger,1
Kurt Schmitt,1
Kurt Schumacher,1
Kurt von Schleicher,1
Kurt von Schuschnigg,1
Kuwait,1
Kwame Nkrumah,1
L. Patrick Gray,1
L.C. Greenwood,1
LGBT flag,1
Lady Bird Johnson,1
Lady Diana Manners,1
Lady Gaga,1
Lalla Aisha,1
Lammot Copeland,1
Laptop,1
Larry Bird,1
Larry Hagman,1
Larry Page,1
Las Vegas,1
Lauren Bacall,1
Laurence Olivier,1
Laurence Tisch,1
Lauris Norstad,1
Lauritz Melchior,1
Lauryn Hill,1
Laverne Cox,1
Lawrence F. O'Brien,1
Lawrence M. Judd,1
Lawrence Summers,1
Lawrence Tibbett,1
Le Corbusier,1
LeBron James,1
LeRoy Collins,1
Lee A. Dubridge,1
Lee Corso,1
Lee Harvey Oswald,1
Lee Trevino,1
Lemuel Shepherd,1
Leni Riefenstahl,1
Lenore,1
Leo Durocher,1
Leo H. Baekeland,1
Leo Hoegh,1
Leon Blum,1
Leon Henderson,1
Leon Jaworski,1
Leonard Bernstein,1
Leonard Larson,1
Leonard Matlovich,1
Leonard W. Hall,1
Leonard Wood,1
Leontyne Price,1
Leopold C. Amery,1
Leroy Miner,1
Leroy Randle Grumman,1
Lesley J. McNair,1
Lester B. Pearson,1
Letitia Baldrige,1
Leung Chun-ying,1
Leverett Saltonstall,1
Levi Eshkol,1
Lewis Douglas,1
Lewis Edward Lawes,1
Lewis H. Brereton,1
Lewis H. Brown,1
Lewis Mumford,1
"Lewis Powell, Jr.",1
Lewis Schwellenbach,1
Lewis W. Cutrer,1
Li Fu-chun,1
Li'l Abner,1
Liberation of Paris,1
Lila Bell Wallace,1
Lily Tomlin,1
Lin Piao,1
Lin-Manuel Miranda,1
Lincoln C. Andrews,1
Linda Ronstadt,1
Lionel Barrymore,1
Lionel Messi,1
Lisa Fonssagrives,1
Little Rock Integration,1
Liu Shao-chi,1
Liv Ullmann,1
Livingston Farrand,1
Liza Minnelli,1
Lloyd Bentsen,1
Lloyd Bucher,1
Lobbyists,1
Lockheed Scandal,1
Lord Beaverbrook,1
Lord Dawson,1
Lord Irwin,1
Lord Louis Mountbatten,1
Lord Melchett,1
Lord Wavell,1
Lord Woolton,1
Lorenz Hart,1
Lorne Chabot,1
Los Angeles,1
Los Angeles Riots,1
Lotte Lehmann,1
Lou Gehrig,1
Louis Armstrong,1
Louis Barthou,1
Louis Brandeis,1
Louis Farrakhan,1
Louis Finkelstein,1
Louis Marx,1
Louis St. Laurent,1
Louise Eustis Hitchcock,1
Lovell,1
Luci B. Johnson,1
Lucia M. Cormier,1
Luciano Pavarotti,1
Lucille Ball,1
Lucrezia Bori,1
Lucy Douglas Cochrane,1
Luo Ruiqing,1
Lyman Lemnitzer,1
Lynette Alice Fromme,1
Lynn,1
Lynn A. Townsend,1
Lynn Fontanne,1
Maarten Schmidt,1
Mabel Walker Willebrandt,1
Madame Chiang Kai-shek,1
Madame Nhu,1
Madeleine Albright,1
Madonna,1
Madonna and Child,1
Magic Johnson,1
Mahmoud Abbas,1
Mai Van Bo,1
Malala Yousafzai,1
Malaysia Airlines Flight 17,1
Malaysia Airlines Flight 370,1
"Malecon, Havana",1
Mamie Eisenhower,1
Man of the Half-Century,1
Manmohan Singh,1
Manuel A. Roxas,1
Manuel Azana,1
Manuel L. Quezon,1
Manuel Norwegian,1
Mao Tse-Tung,1
Marabel Morgan,1
Marc Andreessen,1
Marc Anthony,1
Marc Chagall,1
Marcos Perez Jimenez,1
Margaret,1
Margaret Chase Smith,1
Margaret Clapp,1
Margaret Truman,1
Margaux Hemingway,1
Margot Fonteyn,1
Maria Callas,1
Maria Jeritza,1
Maria Montessori,1
Maria Schell,1
Marian Anderson,1
Marie Dressler,1
Marina Oswald,1
Marine Le Pen,1
Marines in Beirut,1
Mario Balotelli,1
Mario Cuomo,1
Mario Draghi,1
Mario Lanza,1
Mario Monti,1
Mario Procaccino,1
Mario Puzo,1
Marion Jones,1
Marion N. Talley,1
Marisa Berenson,1
Mark III,1
Mark McGwire,1
Mark Spitz,1
Mark Sullivan,1
Mark Twain,1
Markos Vafiades,1
Marlene Dietrich,1
Marlin Perkins,1
Marriner S. Eccles,1
Marshal Ferdinand Foch,1
Marshall Applewhite,1
Martha Mitchell,1
Martin Feldstein,1
Martin Luther,1
Martin Luther King,1
"Martin Luther King, Jr",1
Martin Niemoller,1
Martin W. Clement,1
Mary Barra,1
Mary Bunting,1
Mary Garden,1
Mary Schapiro,1
Mary Tyler Moore,1
Mason M. Patrick,1
Matt Winn,1
Matthew McConaughey,1
Maurice Couve de Murville,1
Maurice Gamelin,1
Maurice Thorez,1
Max Reinhardt,1
Max Schmeling,1
Max de Castro,1
Maxim Litvinoff,1
Maxim Litvinov,1
Maxim Weygand,1
Maxime Weygand,1
Maxwell Anderson,1
Maxwell Taylor,1
Mayaguez Incident,1
McGeorge Bundy,1
Meg Whitman,1
Mel Ott,1
Mel Patton,1
Melinda Gates,1
Melvin Laird,1
Merle Haggard,1
Merlyn Mickelson,1
Meryl Streep,1
Mexico City,1
Michael Arlen,1
Michael Blumenthal,1
Michael Crichton,1
Michael Deaver,1
Michael DiSalle,1
Michael Douglas,1
Michael Durant,1
Michael E. DeBakey,1
Michael Eisner,1
Michael Foale,1
Michael Haider,1
Michael Hayden,1
Michael Jordan,1
Michael Kalinin,1
Michael Milken,1
Michael Moore,1
Michael Phelps,1
Michael Ramsey,1
Michael Stepovich,1
Michael of Romania,1
Michel Bergerac,1
Michele Bachmann,1
Michelle Rhee,1
Michiko Shoda,1
Mickey Cochrane,1
Mickey Mantle,1
Mickey Mouse,1
Mickey Rooney,1
Middle Americans,1
Miguel Aleman,1
Miguel Primo de Rivera,1
Miguel de la Madrid,1
Mike Mansfield,1
Mike Nichols,1
Mike Pence,1
Mike Tyson,1
Mikhail Baryshnikov,1
Mildred H. McAfee,1
Milton Berle,1
Milton Caniff,1
Milton Eisenhower,1
Milton Friedman,1
Mineichi Koga,1
Minnesota Vikings,1
Minoru Yamasaki,1
Miriam Hopkins,1
Misty Copeland,1
Mitch McConnell,1
Mitchell Hepburn,1
Miyoshi Umeki,1
Mohamed Morsi,1
Mohammad Reza Shah,1
Mohammed Reza Pahlavi,1
Mohammed V,1
Mohandas Gandhi,1
Moise Tshombe,1
Molly Ringwald,1
Mongi Slim,1
Montagu C. Norman,1
Morris Fishbein,1
Mort Sahl,1
Mortimer Adler,1
Mortimer Caplin,1
Mortimer L. Schiff,1
Morton Downey,1
Moses,1
Mosquito,1
Mother Mary Columba,1
Mount St. Helens,1
Mousavi,1
Mstislav Rostropovich,1
Muhammad Ali Jinnah,1
Muhammad Naguib,1
Murder at the Olympics,1
Myron C. Taylor,1
Myron T. Herrick,1
Nadia Comaneci,1
Najeeb Halaby,1
Nanaline Duke,1
Nancy,1
Nastassja Kinski,1
Nathan M. Pusey,1
Nathan Twining,1
Nathaniel Alexander Owings,1
Native Dancer,1
Ned Johnson,1
Neil Armstrong,1
Neil H. McElroy,1
Neil McElroy,1
Neil Simon,1
Nellie Melba,1
Nelson Glueck,1
Nelson T. Johnson,1
New York City,1
New York Mets,1
New York World Fair,1
Neymar,1
Nguyen Cao Ky,1
Nguyen Khanh,1
Niceto Alcala-Zamora,1
Nicholas Leeson,1
Nicholas M. Butler,1
Nicholas Murray Butler,1
Nicholas Nickelby,1
Nick Clegg,1
Nicki Minaj,1
Nicolas Sarkozy,1
Nicole Alphand,1
Nicole Kidman,1
Nidal Malik Hasan,1
Nikita Balieff,1
Nikola Tesla,1
Nikolai Voronov,1
Nikolaus von Falkenhorst,1
Nixon in China,1
Nobusuke Kishi,1
Noel Coward,1
Noel Coypel,1
Norman Chandler,1
Norman H. Davis,1
Norman M. Thomas,1
Norman Mailer,1
Norodom Sihanouk,1
North Vietamese Victory,1
Norton Simon,1
Nuremberg Trials,1
Nuri as-Said,1
Oakland Raiders,1
Obama,1
Oculus Rift,1
Ohio Defense Force,1
Oil: Rathbone,1
Oliver P. Smith,1
Oliver Stone,1
"Oliver Wendell Holmes, Jr.",1
Olivia de Havilland,1
Olympic rings,1
One World Trade Center,1
One-dollar bill,1
Oprah Winfrey,1
Orson Welles,1
Orval Faubus,1
Orville Freeman,1
Orville Wright,1
Orway H. Chalkley,1
Osama Bin Laden,1
Osami Nagano,1
Oscar Hammerstein II,1
Oscar Pistorius,1
Oscar Riddle,1
Oscar Robertson,1
"Osman Ali Khan, Asaf Jah VII",1
Oswald Mosley,1
Oswaldo Aranha,1
Otelo Saraiva de Carvalho,1
Otto H. Kahn,1
Pakistan,1
Palace of Westminster,1
Palmer Luckey,1
Palmiro Togliatti,1
Panama Canal,1
Panama Election,1
Park Geun-hye,1
Parry O'Brien,1
Pascual Ortiz Rubio,1
Pat Benedict,1
Pat Moynihan,1
Pat Robertson,1
Pat Suzuki,1
Patrice Munsel,1
Patricia Hearst,1
Patrick Jay Hurley,1
Patrick Nugent,1
Patrick Playfair,1
Patrick Stewart,1
Patty Hearst,1
Paul A. Siple,1
Paul Bagwell,1
Paul Carlson,1
Paul Claudel,1
Paul D. Harkins,1
Paul G. Hoffman,1
Paul Hoffman,1
Paul Kagame,1
Paul Magloire,1
Paul McCartney,1
Paul Muni,1
Paul Newman,1
Paul Painleve,1
Paul Reynaud,1
Paul Shoup,1
Paul Tillich,1
Paul Tsongas,1
Paul Von Hindenburg,1
Paul W. Litchfield,1
Paul van Zeeland,1
Paul-Henri Spaak,1
Paula Jones,1
Pauline Betz,1
Pauline Sabin,1
Pavel Popovich,1
Peanuts,1
Pedro Aramburu,1
Pedro Arrupe,1
Pegida,1
Percy S. Straus,1
Perle Mesta,1
Pershing II,1
Person of the Year,1
Pete Quesada,1
Peter Fonda,1
Peter Frampton,1
Peter Sellers,1
Peter W. Rodino,1
Phil Mahre,1
Philadelphia Police Department,1
Philip A.S. Franklin,1
Philip Barry,1
Philip Caldwell,1
Philip Graham,1
Philip Henry Kerr,1
Philip Johnson,1
Philip La Follette,1
Philip Michael Thomas,1
Philip Snowden,1
Phyllis McGinley,1
Picasso,1
Pierre Mendes France,1
Pierre Poujade,1
Pierre S. du Pont,1
Pierre Salinger,1
Pierre Trudeau,1
Pierre-Etienne Flandin,1
Pierre-Paul Schweitzer,1
Pietro Badoglio,1
Pietro Mascagni,1
Pignedoli,1
Pironio,1
Plutarco Calles,1
Pointer,1
Pokemon,1
Politics of Africa,1
Pope John Paul II assassination attempt,1
Pope Pius XI,1
Preet Bharara,1
Primo Carnera,1
Prince Edward,1
Prince Fahd,1
Prince George,1
Prince Henry,1
Prince Paul,1
Prince William,1
"Prince William, Duke of Cambridge",1
Princess Anne-Marie of Denmark,1
Princess Margaret,1
Princess Martha,1
Princess de Rethy,1
Priscilla Chan,1
Priyanka Chopra,1
Prozac,1
Pu Yi,1
Puyi,1
Queen Elizabeth,1
Queen Marie,1
Queen Sirikit,1
R2-D2,1
Rab Butler,1
Race for the Moon,1
Rafer Johnson,1
Rahm Emanuel,1
Raisa Gorbachev,1
Ralph A. Cram,1
Ralph J. Cordiner,1
Ralph Lauren,1
Ralph Nader,1
Ramesses II,1
Ramon Magsaysay,1
Ramon S. Castillo,1
Raoul Salan,1
Raquel Meller,1
Raquel Welch,1
Ray Jenkins,1
Raymond A. Spruance,1
Raymond Loewy,1
Raymond Moley,1
Raymond Poincare,1
Rebecca West,1
Rebellion,1
Recep Tayyip Erdogan,1
Red Grange,1
Redd Foxx,1
Reed Smoot,1
Reggie Jackson,1
Reginald McKenna,1
Reinhard Heydrich,1
Reinhold Niebuhr,1
Rembrandt,1
Renata Tebaldi,1
Rene Fonck,1
Rene Levesque,1
Rene Viviani,1
Reuben Fleet,1
Reverend James Perry,1
Rex Harrison,1
Rexford G. Tugwell,1
Richard B. Bennett,1
Richard B. Harrison,1
Richard Bach,1
Richard Burton,1
Richard Cushing,1
Richard Evelyn Byrd,1
Richard Helms,1
Richard K. Mellon,1
Richard L. Neuberger,1
Richard Leakey,1
Richard Leigh,1
Richard Neutra,1
Richard Rodgers,1
Richard Russell,1
Richard Russell Jr.,1
Richard Swann Lull,1
Richard Whitney,1
Richmond K. Turner,1
Rick Perry,1
Rick Santorum,1
Rick Warren,1
Ricky Martin,1
Rita Collins,1
Rita Hayworth,1
Riza Shah Pahlevi,1
Robert A. Chappuis,1
Robert A. Good,1
Robert Andrews Millikan,1
Robert Bernard Anderson,1
Robert Bork,1
Robert Bridges,1
Robert Bulkley,1
Robert Byrd,1
Robert C. Weaver,1
Robert Coles,1
Robert Daniel Murphy,1
Robert Dollar,1
Robert E. Gross,1
Robert Evans Woods,1
Robert F. Wagner,1
Robert Fechner,1
Robert Frost,1
Robert G. Menzies,1
Robert Gates,1
Robert Gordon Sproul,1
Robert H. Finch,1
"Robert J. Kleberg, Jr.",1
Robert Kintner,1
Robert L. Eichelberger,1
Robert L. Ghormley,1
Robert Lee Doughton,1
Robert Lowell,1
"Robert M. La Follette, Sr.",1
Robert Mitchum,1
Robert Mueller,1
Robert Oppenheimer,1
Robert Preston,1
Robert R. McCormick,1
Robert R. Young,1
Robert Rauschenberg,1
Robert Rubin,1
Robert S. McNamara,1
Robert Sandifer,1
Robert Schuman,1
Robert Shapiro,1
Robert Todd Lincoln,1
Robert W. Wood,1
Roberta Flack,1
Robin Roberts,1
Robinson Jeffers,1
Rock 'n' Roll,1
Rocky Colavito,1
Rod Carew,1
Rodion Malinovsky,1
Roe v. Wade,1
Roger Blough,1
Roger Chaffee,1
Roger D. Lapham,1
Roger Goodell,1
Roger Keith Coleman,1
Roger Wolfe Kahn,1
Rogers Hornsby,1
Romulo Betancourt,1
Ron Paul,1
Roots,1
Rosa Ponselle,1
Rosalind Russell,1
Roscoe Turner,1
Rose Kennedy,1
Rose Mary Woods,1
Rosemary Clooney,1
Ross Johnson,1
Ross S. Sterling,1
Roswell Magill,1
Rowland Hughes,1
Roy A. Roberts,1
Roy Asa Haynes,1
Roy Campanella,1
Roy Chapman Andrews,1
Roy Cohn,1
Roy W. Howard,1
Roy Wilkins,1
Royal Cortissoz,1
Rubik cube,1
Rudi Gernreich,1
Rudolf Nureyev,1
Rudolph A. Peterson,1
Rudy Giuliani,1
Rudyard Kipling,1
Rufus C. Dawes,1
Rufus D. Isaacs,1
Russell Baker,1
Russell Crowe,1
Russia,1
Russian Invasion of Czechoslovakia,1
Ruth Bader Ginsburg,1
Ruth Gordon,1
Ruth Hanna McCormick,1
SALT II,1
Sachin Tendulkar,1
Sadao Araki,1
Salvador Dali,1
Salvador Laurel,1
Sam Huff,1
Sam Snead,1
Sam Walton,1
Samantha Bee,1
Samuel B. Gould,1
Samuel Clay Williams,1
Samuel George Blythe,1
Samuel Gompers,1
"Samuel Irving Newhouse, Sr.",1
Samuel M. Vauclain,1
Samuel R. McKelvie,1
Samuel Seabury,1
Samuel T. Rayburn,1
San Francisco Earthquake,1
Sandra Day O'Connor,1
Sandy Dennis,1
Sara Delano Roosevelt,1
Sarah Caldwell,1
Sarah Hughes,1
Saturn,1
Saud,1
Saul Steinberg,1
Savang Vatthana,1
Scotland,1
Scott Kelly,1
Scott O'Grady,1
Scott Turow,1
Sean Lemass,1
Sears,1
Sebastian Pozas Perea,1
Seishiro Itagaki,1
Sekou Toure,1
Selman Waksman,1
Semyon Budyonny,1
Serena Williams,1
Sergeant,1
Sergei Gorshkov,1
Sergei Koussevitsky,1
Sergei Koussevitzky,1
Sergei Prokofiev,1
Sergey Brin,1
Sergius I,1
Seton Porter,1
Sex & The City,1
Seymour Parker Gilbert,1
Shakira,1
Shawn Fanning,1
Sheik Omar Abdel Rahman,1
Sheila Bair,1
Sheridan Downey,1
Sherman Fairchild,1
Sheryl Sandberg,1
Shigetaro Shimada,1
Shinzo Abe,1
Shirley Booth,1
Shirley Maclaine,1
Shirley Temple,1
Shoko Asahara,1
Shooting of Walter Scott,1
Sidney Howard,1
Sigourney Weaver,1
Silvio Berlusconi,1
"Simon Bolivar Buckner, Jr.",1
Simon Ramo,1
Simone Biles,1
Sir Alan F. Brooke,1
Sir Andrew Cunningham,1
Sir Arthur Eddington,1
Sir Arthur T. Harris,1
Sir Arthur Tedder,1
Sir Charles Portal,1
Sir Claude Auchinleck,1
Sir Harold Alexander,1
Sir James Craig,1
Sir John Simon,1
Sir Miles C. Dempsey,1
Sir Oliver Franks,1
Sir Patrick Hastings,1
Sir Percy Noble,1
Sir Thomas Beecham,1
Sir Thomas Lipton,1
Skyjacking,1
Skylab,1
Slobodan Milosevic,1
Smedley Butler,1
Snapchat,1
Socialism,1
Sonia Sotomayor,1
Sonja Henie,1
Sophia Loren,1
Sophie Gimbel,1
Soviet Union,1
Space Exploration,1
Space Shuttle Columbia,1
Spider-Man,1
Splitting AT&T,1
Spruille Braden,1
St. Paul,1
Stan Musial,1
Stanislaw Mikolajczyk,1
Stansfield Turner,1
Star of David,1
Statue of Liberty,1
Stavros Niarchos,1
Stefan Wyszynski,1
Stephen Sanford,1
Steve Bannon,1
Steve Forbes,1
Steve Martin,1
Steven Jobs,1
Stuart Saunders,1
Stuart Symington,1
Subhas Chandra Bose,1
Sugar Ray Robinson,1
Suharto,1
Sukru Saracoglu,1
Sumatran tiger,1
Sumner Welles,1
Super Bowl XII,1
Supreme Court,1
Susan Brownmiller,1
Susan Faludi,1
Susan Sarandon,1
Susan Smith,1
Susie Sharp,1
Swigert,1
Sylvester Stallone,1
Sylvia Porter,1
Sylvia Tamburo,1
Synthetic marijuana,1
Syrian Civil Defense,1
Syrian refugee camps,1
T. Boone Pickens,1
T. S. Eliot,1
T.A. Wilson,1
T.E. Lawrence,1
TV Western Heroes,1
Taliban,1
Tallulah Bankhead,1
Tamara McKinney,1
Taylor Swift,1
Ted Cruz,1
Ted Kaczynski,1
Ted Kennedy,1
Ted Williams,1
Temple Fielding,1
Teng Hsiao-p'ing,1
Tennessee Williams,1
Terry Hanratty,1
"Terry de la Mesa Allen, Sr.",1
Tex Thornton,1
The Adventures of Tintin: The Secret of the Unicorn,1
The American people,1
The Beatles,1
The Berlin Wall,1
The Biggest Blackout,1
The Blair Witch Project,1
The Clintons,1
The Good Samaritan,1
The Great Gatsby,1
The Los Angeles Riot,1
The Maharishi,1
The Nativity,1
The New York Times,1
The Pentagon,1
The Pentagon Papers,1
The Pill,1
The Recession,1
The Resurrection,1
The Rolling Stones,1
The Super Bowl,1
The Target: Iraq Reactor,1
The Telltale Tape,1
The Watergate Scandal,1
The Whistleblowers,1
The Who,1
Thein Sein,1
Thelonious Monk,1
Theodore E. Burton,1
Theodore F. Adams,1
Theodore Hesburgh,1
Thich Tri Quang,1
Thomas A. Edison,1
Thomas C. Hart,1
Thomas C. Mann,1
Thomas Campbell,1
Thomas Corcoran,1
Thomas D. White,1
Thomas Edison,1
Thomas Hart Benton,1
Thomas Hitchcock,1
Thomas Holcomb,1
Thomas J. Walsh,1
Thomas Mann,1
Thomas Murphy,1
"Thomas Parran, Jr.",1
Thomas V. Jones,1
Thomas W. Lamont,1
Thomas Watson Jr.,1
Thornton Wilder,1
Three Mile Island,1
Thurgood Marshall,1
Tiger Woods,1
Tim Cook,1
Tim Pawlenty,1
Time 100,1
Time Men of the Year,1
Time Persons of the Year,1
Tintin,1
Tip O'Neill,1
Tom Brokaw,1
Tom Connally,1
Tom Ford,1
Tom Hanks,1
Tom Harmon,1
Tom Mboya,1
Tom Reddin,1
Tom Wolfe,1
Tomas Garrigue Masaryk,1
Tommy Franks,1
Tomoyuki Yamashita,1
Toni Morrison,1
Tony Blair,1
Tony Smith,1
Torkild Rieber,1
Trent Lott,1
Trevor Noah,1
Tribute in Light,1
Tricia Nixon,1
Trygve Lie,1
Tse-veng Soong,1
Tunku Abdul Rahman,1
Typhoon Haiyan,1
U Nu,1
U.S. Congress,1
"U.S. Grant Sharp, Jr.",1
U.S. Postal Strike,1
U.S. Student Protest,1
U.S. soldier,1
Uniqlo,1
United States Army,1
United States Capitol,1
United States Constitution,1
United States one-dollar bill,1
Upton Sinclair,1
Utada Hikaru,1
V.K. Krishna Menon,1
Valerian Zorin,1
Valerie Harper,1
Vallabhbhai Patel,1
Van Cliburn,1
Van Wyck Brooks,1
Vanessa Redgrave,1
Vannevar Bush,1
Vasco dos Santos Goncalves,1
Vasily Stalin,1
Venus,1
Vernon Gomez,1
Victor Emanuel,1
Victor Emmanuel III of Italy,1
Vida Blue,1
Viet Nam,1
Viet Nam Vets,1
Vietnam Cease-Fire,1
Vietnam War,1
Vince Lombardi,1
Vincent Auriol,1
Vinoba Bhave,1
Virgil Couch,1
Virgin and Child,1
Virginia Johnson,1
Virginia Woolf,1
Viscount Gort,1
Viscount Halifax,1
Vittorio Mussolini,1
Vivien Leigh,1
Vladimir Horowitz,1
Vladimir Nabokov,1
Vladimir Zhirinovsky,1
Vyacheslav Menzhinsky,1
W. Stuart Symington,1
Wallace Farrington,1
Wallace Harrison,1
Wallace M. Greene,1
Wallace Wade,1
Wallis Warfield Simpson,1
Wally Amos,1
Walter C. Teagle,1
Walter Chrysler,1
Walter Coffey,1
Walter F. Brown,1
Walter F. White,1
Walter Hampden,1
Walter Krueger,1
Walter O'Malley,1
Walter Payton,1
Walter Runciman,1
Walter Winchell,1
Walther von Brauchitsch,1
Walton Walker,1
Wang Ching-wei,1
War in Rwanda,1
Warren Austin,1
Warren Beaty,1
Warren Buffett,1
Warren E. Burger,1
Warren G. Harding,1
Warren North,1
Warren Stanford Stone,1
Wayne Gretzky,1
Wayne Morse,1
Wayne Rooney,1
Wen Jiabao,1
Wendell Anderson,1
Wendell Cushing Neville,1
Wendell L. Willkie,1
Wendell Willkie,1
Wernher von Braun,1
Wesley W. Stout,1
Whitney M. Young Jr.,1
Wilbert Robinson,1
Wilhelm Keitel,1
Wilhelm List,1
Will H. Hays,1
Will Rogers,1
Willa Cather,1
Willard Libby,1
Willard Scott,1
Willebrands,1
Willem Dafoe,1
Willem Visser't Hooft,1
William,1
William A. Anders,1
William A. Patterson,1
William A.C. Bennett,1
William Adams Delano,1
William B. Bankhead,1
William Bratton,1
William C. Menninger,1
William C. Procter,1
William Colby,1
William D. Leahy,1
William D. Mitchell,1
William DeVries,1
William E. Borah,1
William E. Ogle,1
William E. Simon,1
William F. Buckley Jr.,1
William F. Dean,1
William F. Quinn,1
William Francis Gibbs,1
"William H. ""Big Bill"" Edwards",1
William H. Pickering,1
William H. Tunner,1
William H. Welch,1
William H. Woodin,1
William Henry O'Connell,1
William Holden,1
William Hood Simpson,1
William Jansen,1
William Knowland,1
William L. Bragg,1
William L. Clayton,1
William L. Pereira,1
William Levitt,1
William Lyon Mackenzie King,1
William M. Boyle,1
William M. Butler,1
William Mackenzie King,1
William Martin Jeffers,1
William Masters,1
William McChesney Martin,1
"William McChesney Martin, Jr.",1
William McPherson Allen,1
William Murray,1
William O'Dwyer,1
William O. Douglas,1
William P. Clark,1
William Perry,1
William Phillips,1
William Pickering,1
William R. Inge,1
William Randolph Hearst,1
William S. Paley,1
William Scranton,1
William Shakespeare,1
William Shatner,1
William Sproule,1
William W. Atterbury,1
William Webster,1
William Woodward,1
"William Wrigley, Jr.",1
Willie Mays,1
Winthrop Rockefeller,1
Winthrop W. Aldrich,1
Wirathu,1
Wladyslaw Gomulka,1
Wojciech Jaruzelski,1
Woman of the Year,1
Women of the Year,1
Woodrow Wilson,1
World War II,1
Wu Pei-fu,1
Wynton Marsalis,1
Xuan Thuy,1
Yahya Khan,1
Yakov Malik,1
Yanks in Peking,1
Yasuya Uchida,1
Yehudi Menuhin,1
Yen Hsi-shan,1
Yevgeny Yevtushenko,1
Yitzhak Shamir,1
Yosuke Matsuoka,1
Youssou N'Dour,1
Yulia Lipnitskaya,1
Yuri Gagarin,1
Zachary Lansdowne,1
Zoe Baird,1
Zubin Mehta,1
academic dress,1
banknote,1
bombing of Maalbeek metro station in Brussels,1
bubble gum,1
crescent and star,1
deLesseps S. Morrison,1
disambiguation needed,1
drone,1
euro sign,1
first orbital flight of NASA Space Shuttle Program,1
fusion,1
his assassination,1
joint,1
marijuana,1
mushroom cloud,1
one dollar bill,1
party hat,1
polio virus,1
political conventions,1
school bus,1
shale,1
shredded,1
tablet,1
tank,1
thought bubble,1
transgender,1
wedding,1
